{
  "作者": "荷城茶秀",
  "站名": "348影视",
  "主页url": "https://348z.com/",
  "简介": "关注公众号【多多影音】获取更多影视资源，加入QQ频道【应用多多】防失联！提醒您请勿相信影片中的广告，以免上当受骗！+详情：&&</div>",
  "导演": "导演：&&</li>",
  "主演": "主演：&&</li>",
  "影片状态": "状态：&&</li>",
  "影片类型": "data vodTag\">&&</li>",
  "数组": "list-width volistwidthb\">&&</li>",
  "标题": "title=\"&&\"",
  "副标题": "list-remarks hidden\">&&</span>",
  "图片": "data-original=\"&&\"",
  "链接": "href=\"&&\"",
  "搜索url": "/vodsearch.html?wd={wd}",
  "搜索模式": "1",
  "搜索数组": "img lazy eclazy br\"&&</a>",
  "搜索标题": "title=\"&&\"",
  "搜索副标题": "list-remarks hidden\">&&</span>",
  "搜索图片": "data-original=\"&&\"",
  "搜索链接": "href=\"&&\"",
  "线路数组": "data-from=&&</a>[不包含:超清资源#MY][排序:极速2]",
  "线路标题": "多多-+>&&</em>[替换:<em>>>⚡️共]+集⚡️",
  "分类url": "https://348z.com/vodshow/area/{area}/by/{by}/id/{cateId}/page/{catePg}/year/{year}.html;;ak",
  "分类": "电影$1#电视剧$2#综艺$3#动漫$4"
}