    {
    
    "作者":"荷城茶秀",
    
    "站名":"九八影视",
    
    "主页url":"http://www.98dsw.com/",
    
    "简介":"关注公众号【多多影音】获取更多影视资源，加入QQ频道【应用多多】防失联！提醒您请勿相信影片中的广告，以免上当受骗！+<span class=\"detail-content\" style=\"display: none;\">&&</span>",
    
    "影片状态":"状态：&&</p>",
    
    "搜索url":"http://www.98dsw.com/search.php;post;searchword={wd}",
    
    "线路数组":"<h3 class=\"title\">&&/h3>",
    
    "线路标题":"⚡️‍多多接口⚡️‍+>&&<",
    
    "分类url":"http://www.98dsw.com/{cateId}/index{catePg}.html[http://www.98dsw.com/{cateId}/index.html];;ak",
    
    "分类":"电影$dianyingpian#电视剧$dianshiju#综艺$zongyi#动漫$dongman"}